[
    {
        "url": "https://e-qwerty.zse-zdwola.pl/szkolny-zestaw-podrecznikow-w-roku-szkolnym-2025-2026/",
        "title": "Szkolny zestaw podręczników w roku szkolnym 2025/2026",
        "author": "Administrator_MB",
        "date": "2025-08-06",
        "content_html": "<div class=\"entry-content is-layout-constrained\">\n<iframe height=\"600px\" src=\"https://e-qwerty.zse-zdwola.pl/wp-content/uploads/2025/08/Podreczniki2526.pdf\" style=\"border:1px solid #ddd;\" width=\"100%\"></iframe>\n</div>"
    },
    {
        "url": "https://e-qwerty.zse-zdwola.pl/harmonogram-egzaminow-poprawkowych-w-roku-szkolnym-2024-2025/",
        "title": "Harmonogram egzaminów poprawkowych w roku szkolnym 2024/2025",
        "author": "Adam",
        "date": "2025-06-27",
        "content_html": "<div class=\"entry-content is-layout-constrained\">\n<iframe height=\"600px\" src=\"https://e-qwerty.zse-zdwola.pl/wp-content/uploads/2025/06/Egzaminy_poprawkowe2025-1.pdf\" style=\"border:1px solid #ddd;\" width=\"100%\"></iframe>\n</div>"
    },
    {
        "url": "https://e-qwerty.zse-zdwola.pl/ostateczny-termin-rejestracji-wnioskow/",
        "title": "Ostateczny termin rejestracji wniosków",
        "author": "Administrator_MB",
        "date": "2025-05-19",
        "content_html": "<div class=\"entry-content is-layout-constrained\">\n<p>Przypominamy, że <strong>22 maja o godz. 12:00</strong> mija termin rejestracji wniosków w systemie elektronicznym dla kandydatów do naszej szkoły. Zachęcamy do dokonania rejestracji w wyznaczonym terminie, aby zapewnić sobie możliwość ubiegania się o przyjęcie.<br/>Szczegóły oraz instrukcje dostępne są na naszej stronie internetowej.<br/><a href=\"https://lodzkie.edu.com.pl\"><strong>Link do strony rekrutacyjnej</strong></a> (<a href=\"https://lodzkie.edu.com.pl\">https://lodzkie.edu.com.pl</a>)</p>\n<p></p>\n</div>"
    },
    {
        "url": "https://e-qwerty.zse-zdwola.pl/projekty-unijne-w-zse/",
        "title": "Projekty Unijne w ZSE",
        "author": "ADMIN_KK",
        "date": "2025-04-07",
        "content_html": "<div class=\"entry-content is-layout-constrained\">\n<p>Rozpoczynamy realizację 2 projektów współfinansowanych ze środków Unii Europejskiej w ramach programu: Fundusze Europejskie dla Łódzkiego 2021-2027.</p>\n<figure><img alt=\"\" decoding=\"async\" fetchpriority=\"high\" height=\"724\" src=\"https://e-qwerty.zse-zdwola.pl/wp-content/uploads/2025/04/TE-FE-plakat-A3-programy-regionalne-woj.-lodzkie-1024x724.jpg\" width=\"1024\"/></figure>\n<figure><img alt=\"\" decoding=\"async\" height=\"724\" src=\"https://e-qwerty.zse-zdwola.pl/wp-content/uploads/2025/04/TI-FE-plakat-A3-programy-regionalne-woj.-lodzkie-1024x724.jpg\" width=\"1024\"/></figure>\n<p>Zapraszamy do udziału w procesie rekrutacji.</p>\n<p>Więcej szczegółów na stronie szkoły w zakładce „projekty”.</p>\n</div>"
    },
    {
        "url": "https://e-qwerty.zse-zdwola.pl/wycieczka-pracownicza-dolny-slask/",
        "title": "Wycieczka pracownicza – DOLNY ŚLĄSK",
        "author": "Administrator_MB",
        "date": "2025-04-02",
        "content_html": "<div class=\"entry-content is-layout-constrained\">\n<p>Szanowni Państwo,<br/>Zapraszamy do zapisów na wycieczkę dla nauczycieli, pracowników, nauczycieli i pracowników emerytowanych ZSE, która odbędzie się w dniach 23 – 25 maja 2025r. Godzina wyjazdu 13.30<br/>W ofercie zwiedzanie Zamku Książ oraz sztolni Walim.<br/>Dopłaty do wyjazdu w zależności od progu wynoszą:<br/>100 zł<br/>150 zł<br/>200 zł<br/>Proszę się upewnić, w którym progu Państwo jesteście.<br/>Liczba miejsc ograniczona – wg kolejności wpłat.<br/>Zgłoszenia przyjmuje Izabela Sikorska-Bajur, zgłoszeń należy dokonywać osobiście.</p>\n</div>"
    },
    {
        "url": "https://e-qwerty.zse-zdwola.pl/obwieszczenie/",
        "title": "Obwieszczenie",
        "author": "Administrator_MB",
        "date": "2025-01-20",
        "content_html": "<div class=\"entry-content is-layout-constrained\">\n<p>Obwieszczenie nr 25/2024 Wojewody Łódzkiego z dnia 20 grudnia 2024 r. w sprawie ogłoszenia kwalifikacji wojskowej w 2025 r. na obszarze województwa łódzkiego.</p>\n<div>\n<div><a href=\"https://e-qwerty.zse-zdwola.pl/wp-content/uploads/2025/01/Obwieszczenie-Wojewody-Lodzkiego-w-sprawie-kwalifikacji-wojskowej-w-2025-r.pdf\" rel=\"noreferrer noopener nofollow\" target=\"_blank\">Pobierz</a></div>\n</div>\n<iframe height=\"600px\" src=\"https://e-qwerty.zse-zdwola.pl/wp-content/uploads/2025/01/Obwieszczenie-Wojewody-Lodzkiego-o-sprostowaniu-bledu.pdf\" style=\"border:1px solid #ddd;\" width=\"100%\"></iframe>\n<p></p>\n</div>"
    },
    {
        "url": "https://e-qwerty.zse-zdwola.pl/sukces-51-owt/",
        "title": "Sukces – 51 Olimpiada Wiedzy Technicznej",
        "author": "Konrad",
        "date": "2024-11-18",
        "content_html": "<div class=\"entry-content is-layout-constrained\">\n<p><strong>Olimpiada Wiedzy Technicznej</strong> </p>\n<p>Lista uczniów zakwalifikowanych do II etapu olimpiady </p>\n<ol start=\"1\">\n<li>Piotr Wojciechowski 2 TA </li>\n</ol>\n<ol start=\"2\">\n<li>Urban Albert 3 TA </li>\n</ol>\n<ol start=\"3\">\n<li>Adam Gugulski 3 TA </li>\n</ol>\n<ol start=\"4\">\n<li>Nikodem Góral 3 TA </li>\n</ol>\n<ol start=\"5\">\n<li>Franciszek Duszyński 3 TA </li>\n</ol>\n<ol start=\"6\">\n<li>Mikołaj Marcinkowski 3 TA </li>\n</ol>\n<ol start=\"7\">\n<li>Mikołaj Krata 4 TE </li>\n</ol>\n<ol start=\"8\">\n<li>Stanisław Prusisz 4 TE </li>\n</ol>\n<ol start=\"9\">\n<li>Mateusz Szczeciński 4 TE </li>\n</ol>\n<ol start=\"10\">\n<li>Jakub Łuczak 4 TE </li>\n</ol>\n<ol start=\"11\">\n<li>Bartłomiej Kowalczyk  4 TE </li>\n</ol>\n<ol start=\"12\">\n<li>Łukasz Ignasiak 5 TEI </li>\n</ol>\n<ol start=\"13\">\n<li>Mateusz Kaźmierczak 5 TEI </li>\n</ol>\n<ol start=\"14\">\n<li>Mateusz Sychlak 5 TEI </li>\n</ol>\n</div>"
    },
    {
        "url": "https://e-qwerty.zse-zdwola.pl/sukces-elektromechatron/",
        "title": "Sukces – ELEKTROMECHATRON",
        "author": "Konrad",
        "date": "2024-11-18",
        "content_html": "<div class=\"entry-content is-layout-constrained\">\n<p><strong>Olimpiada Elektroników i Mechatroników Elektromechatron!</strong> </p>\n<p>Lista uczniów zakwalifikowanych do II etapu olimpiady </p>\n<ol start=\"1\">\n<li>Łukasz Ignasiak 5 TEI </li>\n</ol>\n<ol start=\"2\">\n<li>Emil Jankowski 4 TE </li>\n</ol>\n<ol start=\"3\">\n<li>Julian Jarzyński 4 TE </li>\n</ol>\n<ol start=\"4\">\n<li>Marcel Kluszczyński 4 TE </li>\n</ol>\n<ol start=\"5\">\n<li>Jakub Łuczak 4 TE </li>\n</ol>\n<ol start=\"6\">\n<li>Szymon Kowalski 3 TPE </li>\n</ol>\n<p><a href=\"https://elektromechatron.edu.pl\">https://elektromechatron.edu.pl</a></p>\n</div>"
    },
    {
        "url": "https://e-qwerty.zse-zdwola.pl/sukces-polteleinfo/",
        "title": "Sukces – POLTELEINFO",
        "author": "Konrad",
        "date": "2024-11-18",
        "content_html": "<div class=\"entry-content is-layout-constrained\">\n<p><strong>Olimpiady Liderów Telekomunikacji i Informatyki POLTELEINFO!</strong> </p>\n<p>Lista uczniów zakwalifikowanych do II etapu olimpiady </p>\n<ol start=\"1\">\n<li>Miłosz Kułak 4 aTP </li>\n</ol>\n<ol start=\"2\">\n<li>Filip Krysiak 2 aTP </li>\n</ol>\n<ol start=\"3\">\n<li>Mikołaj Górecki 3 TPE </li>\n</ol>\n<ol start=\"4\">\n<li>Marcel Gładkiewicz 4 aTP </li>\n</ol>\n<ol start=\"5\">\n<li>Mikołaj Stańczyk 3 TP </li>\n</ol>\n<p><a href=\"https://polteleinfo.edu.pl\">https://polteleinfo.edu.pl</a></p>\n</div>"
    },
    {
        "url": "https://e-qwerty.zse-zdwola.pl/swieto-zmarlych/",
        "title": "Święto zmarłych",
        "author": "Konrad",
        "date": "2024-11-04",
        "content_html": "<div class=\"entry-content is-layout-constrained\">\n<p>Jak co roku uczniowie Zespołu Szkół Elektronicznych w Zduńskiej Woli wraz z p.Izabelą Sikorską-Bajur zapalili znicze na grobach zmarłych nauczycieli ZSE. </p>\n<figure><img alt=\"\" decoding=\"async\" fetchpriority=\"high\" height=\"769\" src=\"https://e-qwerty.zse-zdwola.pl/wp-content/uploads/2024/11/IMG_20241031_130915-1024x769.jpg\" width=\"1024\"/></figure>\n<figure><img alt=\"\" decoding=\"async\" height=\"769\" src=\"https://e-qwerty.zse-zdwola.pl/wp-content/uploads/2024/11/IMG_20241031_130914-1024x769.jpg\" width=\"1024\"/></figure>\n<figure><img alt=\"\" decoding=\"async\" height=\"1024\" loading=\"lazy\" src=\"https://e-qwerty.zse-zdwola.pl/wp-content/uploads/2024/11/IMG_20241102_100825-1004x1024.jpg\" width=\"1004\"/></figure>\n<figure><img alt=\"\" decoding=\"async\" height=\"1024\" loading=\"lazy\" src=\"https://e-qwerty.zse-zdwola.pl/wp-content/uploads/2024/11/IMG_20241031_131951-769x1024.jpg\" width=\"769\"/></figure>\n<figure><img alt=\"\" decoding=\"async\" height=\"769\" loading=\"lazy\" src=\"https://e-qwerty.zse-zdwola.pl/wp-content/uploads/2024/11/IMG_20241031_130859-1024x769.jpg\" width=\"1024\"/></figure>\n<figure><img alt=\"\" decoding=\"async\" height=\"601\" loading=\"lazy\" src=\"https://e-qwerty.zse-zdwola.pl/wp-content/uploads/2024/11/IMG_20241031_130855.jpg\" width=\"800\"/></figure>\n</div>"
    },
    {
        "url": "https://e-qwerty.zse-zdwola.pl/mistrzostwa-szkoly-w-siatkowke/",
        "title": "Mistrzostwa szkoły w siatkówkę",
        "author": "Konrad",
        "date": "2024-10-24",
        "content_html": "<div class=\"entry-content is-layout-constrained\">\n<figure><img alt=\"\" decoding=\"async\" fetchpriority=\"high\" height=\"1024\" src=\"https://e-qwerty.zse-zdwola.pl/wp-content/uploads/2024/10/plakat-losowanie1-724x1024.png\" width=\"724\"/></figure>\n</div>"
    },
    {
        "url": "https://e-qwerty.zse-zdwola.pl/w-roku-szkolnym-2024-2025-uczestniczymy-w-programie-godzina-dla-mlodych-glow/",
        "title": "W roku szkolnym 2024/2025 uczestniczymy w programie „Godzina dla MŁODYCH GŁÓW”",
        "author": "Konrad",
        "date": "2024-10-24",
        "content_html": "<div class=\"entry-content is-layout-constrained\">\n<p><strong>Program będzie realizowany wśród uczniów klas pierwszych: 1TP i 1 TAI.</strong></p>\n<figure><img alt=\"\" decoding=\"async\" fetchpriority=\"high\" height=\"1024\" src=\"https://e-qwerty.zse-zdwola.pl/wp-content/uploads/2024/10/Mlode_Glowy-post-v14102024-1-1024x1024.jpg\" width=\"1024\"/></figure>\n<figure><img alt=\"\" decoding=\"async\" height=\"575\" src=\"https://e-qwerty.zse-zdwola.pl/wp-content/uploads/2024/10/Mlode_Glowy-Facebook_cover-v14102024-2-1024x575.jpg\" width=\"1024\"/></figure>\n</div>"
    },
    {
        "url": "https://e-qwerty.zse-zdwola.pl/identyfikator-2024-2025/",
        "title": "Identyfikator 2024/2025",
        "author": "Adam",
        "date": "2024-08-29",
        "content_html": "<div class=\"entry-content is-layout-constrained\">\n<p>Wzór identyfikatora dla uczniów</p>\n<p><strong>Załączniki:</strong><br/><a href=\"https://e-qwerty.zse-zdwola.pl/wp-content/uploads/2024/10/wzor_identyfikatora.docx\" rel=\"noreferrer noopener\" target=\"_blank\">wzor_identyfikatora.pdf</a></p>\n<p></p>\n</div>"
    },
    {
        "url": "https://e-qwerty.zse-zdwola.pl/podreczniki/",
        "title": "Podręczniki",
        "author": "Adam",
        "date": "2024-07-30",
        "content_html": "<div class=\"entry-content is-layout-constrained\">\n<p>Szkolny zestaw podręczników w roku szkolnym 2024 / 2025</p>\n<p><strong>Załączniki:</strong><br/><a href=\"https://e-qwerty.zse-zdwola.pl/wp-content/uploads/2024/10/zestaw_podrecznikow_2024_2025.pdf\">zestaw_podręcznikow_2024_2025.pdf</a></p>\n<p></p>\n</div>"
    },
    {
        "url": "https://e-qwerty.zse-zdwola.pl/oferta-pracy/",
        "title": "Oferta pracy",
        "author": "Adam",
        "date": "2024-06-20",
        "content_html": "<div class=\"entry-content is-layout-constrained\">\n<figure><img alt=\"\" decoding=\"async\" fetchpriority=\"high\" height=\"1024\" src=\"https://e-qwerty.zse-zdwola.pl/wp-content/uploads/2024/10/image-1-726x1024.png\" width=\"726\"/></figure>\n</div>"
    },
    {
        "url": "https://e-qwerty.zse-zdwola.pl/wyjazd-do-poddebic-14-15-czerwca-2024r-dla-pracownikow-i-pracownikow-emerytowanych-zse/",
        "title": "Wyjazd do Poddębic 14-15 czerwca 2024r. dla pracowników i pracowników emerytowanych ZSE",
        "author": "Adam",
        "date": "2024-05-06",
        "content_html": "<div class=\"entry-content is-layout-constrained\">\n<p>Wyjazd 14 czerwca w godzinach popołudniowych.</p>\n<p>Zakwaterowanie w Poddębicach w hotelu Acomodo. W ramach pobytu 2 godziny na termach Poddębice, wieczorem kolacja w hotelu, rano śniadanie i wyjazd do Zduńskiej Woli.</p>\n<p>Dopłata do wyjazdu :</p>\n<p>próg 50% – 150 zł</p>\n<p>próg 75% – 110 zł</p>\n<p>próg 100% – 75 zł</p>\n<p>Zapisy w księgowości ZSE (liczba miejsc ograniczona)</p>\n</div>"
    },
    {
        "url": "https://e-qwerty.zse-zdwola.pl/praktyki-nowe-mozliwosci/",
        "title": "Praktyki – Nowe Możliwości",
        "author": "Adam",
        "date": "2024-02-23",
        "content_html": "<div class=\"entry-content is-layout-constrained\">\n<figure><img alt=\"\" decoding=\"async\" fetchpriority=\"high\" height=\"457\" src=\"https://e-qwerty.zse-zdwola.pl/wp-content/uploads/2024/10/image.png\" width=\"800\"/></figure>\n<p>Marzycie o tworzeniu innowacyjnych stron internetowych, aplikacji, czy może technologii opartej na sztucznej inteligencji? Praktyki w firmie Aibron to szansa, by te marzenia stały się rzeczywistością!  Oferujemy Wam unikalną możliwość zdobycia praktycznej wiedzy i umiejętności, które są niezbędne w dzisiejszym, szybko rozwijającym się świecie technologii. Pod okiem doświadczonych mentorów będziecie mogli:</p>\n<ul>\n<li>Projektować i tworzyć nowoczesne strony internetowe, które oczarują użytkowników.</li>\n<li>Programować aplikacje, które zmienią codzienność ludzi na lepsze.</li>\n<li>Tworzyć innowacyjne produkty wykorzystujące AI, kształtując przyszłość technologii.</li>\n<li>Projektować i wdrażać zaawansowane rozwiązania AI, otwierając przed sobą drzwi do nowych możliwości.</li>\n</ul>\n<p>Ale to nie wszystko! Rozszerzamy listę umiejętności, które możecie zdobyć, o:</p>\n<ul>\n<li>Rozwój umiejętności pracy w zespole i komunikacji w środowisku IT.</li>\n<li>Poznanie nowych, ekscytujących technologii i trendów w branży.</li>\n<li>Budowanie solidnych fundamentów, które pomogą Wam w przyszłej karierze w technologii.</li>\n</ul>\n<p>Nie przegapcie tej szansy na rozwój i dołączcie do naszej społeczności młodych, ambitnych technologów. Czekamy na Was z otwartymi ramionami i kodem! </p>\n<p><strong>Proces rekrutacyjny:</strong></p>\n<p>Rekrutacja trwa do 28 lutego 2024 roku. W celu przesłania zgłoszenia prosimy odwiedzić stronę <a href=\"http://aibron.pl/kariera\" rel=\"noreferrer noopener\" target=\"_blank\">aibron.pl/kariera</a> i wypełnić formularz lub skontaktować się telefonicznie pod numerem +48 572 775 233.</p>\n<p>Zapraszamy ambitnych kandydatów do dołączenia do naszego zespołu!</p>\n<p></p>\n</div>"
    },
    {
        "url": "https://e-qwerty.zse-zdwola.pl/obwieszczenia-nr-1-2024-wojewody-lodzkiego-z-dnia-9-stycznia-2024/",
        "title": "Obwieszczenia nr 1/2024 Wojewody Łódzkiego z dnia 9 stycznia 2024",
        "author": "Adam",
        "date": "2024-01-25",
        "content_html": "<div class=\"entry-content is-layout-constrained\">\n<p><strong>OBWIESZCZENIE NR 1/2024 WOJEWODY ŁÓDZKIEGO z dnia 9 stycznia 2024 r.<br/>w sprawie ogłoszenia kwalifikacji wojskowej w 2024 r. na obszarze województwa łódzkiego</strong></p>\n<p><strong>Załączniki:</strong><br/><a href=\"https://e-qwerty.zse-zdwola.pl/wp-content/uploads/2024/10/Obwieszczenie-kwalifikacja-wojskowa-2024.pdf\">Obwieszczenie kwalifikacja wojskowa 2024.pdf</a></p>\n<p></p>\n</div>"
    },
    {
        "url": "https://e-qwerty.zse-zdwola.pl/egzamin-zawodowy-sesja-2024-zima/",
        "title": "Egzamin zawodowy sesja 2024 zima",
        "author": "Adam",
        "date": "2024-01-02",
        "content_html": "<div class=\"entry-content is-layout-constrained\">\n<p>W załącznikach zostały umieszczone terminy egzaminów w sesji „2024 zima”.</p>\n<p>Proszę pamiętać o stawienie się na egzamin 30 minut przed jego rozpoczęciem wraz z dokumentem potwierdzającym tożsamość i czarnym długopisem.</p>\n<p><strong>Załączniki:</strong><br/><a href=\"https://e-qwerty.zse-zdwola.pl/wp-content/uploads/2024/10/Termin-egzaminu-TEORIA-podstawa-2019.pdf\">Termin egzaminu TEORIA podstawa 2019.pdf</a><br/><a href=\"https://e-qwerty.zse-zdwola.pl/wp-content/uploads/2024/10/Termin-egzaminu-TEORIA-podstawa-2019.pdf\" rel=\"noreferrer noopener\" target=\"_blank\">Termin egzaminu TEORIA podstawa 2019.pdf</a><br/><a href=\"https://e-qwerty.zse-zdwola.pl/wp-content/uploads/2024/10/Termin-egzaminu-informatycy-podstawa-2019.pdf\" rel=\"noreferrer noopener\" target=\"_blank\">Termin egzaminu informatycy podstawa 2019.pdf</a><br/><a href=\"https://e-qwerty.zse-zdwola.pl/wp-content/uploads/2024/10/Termin-egzaminu-elektronicy-i-automatycy-podstawa-2019.pdf\">Termin egzaminu elektronicy i automatycy podstawa 2019.pdf</a></p>\n<p></p>\n</div>"
    },
    {
        "url": "https://e-qwerty.zse-zdwola.pl/fraktal-xviii/",
        "title": "FRAKTAL XVIII",
        "author": "Adam",
        "date": "2023-12-15",
        "content_html": "<div class=\"entry-content is-layout-constrained\">\n<p>Cześć!<br/><br/>Z przyjemnością chcielibyśmy Was zaprosić na XVIII edycję Konkursu Programistycznego FRAKTAL. To doskonała okazja do sprawdzenia swoich umiejętności programistycznych i rywalizacji z innymi pasjonatami programowania.<br/><br/>Szczegóły konkursu:<br/><br/>    Data: 6 stycznia, 12:00 – 7 stycznia, 20:00<br/>    Miejsce: Link do konkursu na SPOJ – <a href=\"https://www.spoj.com/FRAKTAL\">https://www.spoj.com/FRAKTAL</a><br/>    Autorzy zadań: Marcin Kasprowicz, Grzegorz Spryszyński, Rafał Jezierski, Mariusz Śliwiński, Maciej   Boniecki, Trapauwatratar<br/>    Języki programowania: Można używać większości języków programowania<br/>    Poziom trudności: Dedykowany zarówno początkującym, jak i zaawansowanym programistom<br/><br/>Jest to świetna okazja, aby rozwijać swoje umiejętności, zdobyć doświadczenie i poznać innych entuzjastów programowania. Warto wziąć udział w tym wyjątkowym wydarzeniu!<br/><br/>Pamiętaj, że doświadczenie to nie wszystko – konkurs jest przyjazny dla wszystkich, bez względu na poziom zaawansowania. Niech każdy będzie zwycięzcą!<br/><br/>Powodzenia i do zobaczenia pod adresem spoj.com/FRAKTAL!<br/><br/>Pozdrawiamy!</p>\n</div>"
    },
    {
        "url": "https://e-qwerty.zse-zdwola.pl/olimpiada-informatyczna/",
        "title": "Olimpiada Informatyczna",
        "author": "Adam",
        "date": "2023-10-02",
        "content_html": "<div class=\"entry-content is-layout-constrained\">\n<p>Zapraszamy naszych uczniów do wzięcia udziału w olimpiadach informatycznych. Wszystkie informacje znajdziecie na stronach olimpiad.</p>\n<figure><img alt=\"\" decoding=\"async\" fetchpriority=\"high\" height=\"560\" src=\"https://e-qwerty.zse-zdwola.pl/wp-content/uploads/2024/09/image.png\" width=\"560\"/></figure>\n<p><strong>Terminarz XXX Olimpiady Informatycznej</strong></p>\n<ul>\n<li>16.10.2023 – 20.11.2023 Zawody I stopnia XXXI OI</li>\n<li>13.02.2024 – 15.02.2024 Zawody II stopnia XXXI OI</li>\n<li>09.04.2024 – 12.04.2024 Zawody III stopnia XXXI OI</li>\n<li>03.05.2024 – 07.05.2024 Bałtycka Olimpiada Informatyczna, Wilno, Litwa</li>\n</ul>\n<p><a href=\"https://www.oi.edu.pl/\" rel=\"noreferrer noopener\" target=\"_blank\">Czytaj więcej szczegółów na stronie olimpiady</a></p>\n<p></p>\n</div>"
    },
    {
        "url": "https://e-qwerty.zse-zdwola.pl/aktualizacja-planu-postepowan-o-udzielenie-zamowien-na-rok-2023/",
        "title": "Aktualizacja planu postępowań o udzielenie zamówień na rok 2023",
        "author": "Adam",
        "date": "2023-08-29",
        "content_html": "<div class=\"entry-content is-layout-constrained\">\n<p>Aktualizacja planu postępowań o udzielenie zamówień na rok 2023</p>\n<p><strong>Załączniki:</strong><br/><a href=\"https://e-qwerty.zse-zdwola.pl/wp-content/uploads/2024/09/2023_BZP-00366046_02_P-1.pdf\">2023_BZP 00366046_02_P-1.pdf</a></p>\n<p></p>\n</div>"
    },
    {
        "url": "https://e-qwerty.zse-zdwola.pl/plan-postepowan-o-udzielenie-zamowien-na-rok-2023/",
        "title": "Plan postępowań o udzielenie zamówień na rok 2023",
        "author": "Adam",
        "date": "2023-08-24",
        "content_html": "<div class=\"entry-content is-layout-constrained\">\n<p>Plan postępowań o udzielenie zamówień na rok 2023</p>\n<p><strong>Załącznik:</strong><br/><a href=\"https://e-qwerty.zse-zdwola.pl/wp-content/uploads/2024/09/2023_BZP-00366046_01_P.pdf\">2023_BZP 00366046_01_P.pdf</a></p>\n<p></p>\n</div>"
    },
    {
        "url": "https://e-qwerty.zse-zdwola.pl/szkolny-zestaw-podrecznikow-w-roku-szkolnym-2023-2024/",
        "title": "Szkolny zestaw podręczników w roku szkolnym 2023/2024",
        "author": "Adam",
        "date": "2023-08-10",
        "content_html": "<div class=\"entry-content is-layout-constrained\">\n<p>Pobierz plik z listą podręczników na rok szkolny 2023/2024</p>\n<p><strong>Załączniki:</strong></p>\n<div>\n<iframe height=\"600px\" src=\"https://e-qwerty.zse-zdwola.pl/wp-content/uploads/dlm_uploads/2024/09/Podreczniki_2324.pdf\" style=\"border:1px solid #ddd;\" width=\"100%\"></iframe>\n</div>\n<p></p>\n</div>"
    },
    {
        "url": "https://e-qwerty.zse-zdwola.pl/ogolnopolska-olimpiada-wiedzy-elektrycznej-i-elektronicznej/",
        "title": "Ogólnopolska Olimpiada Wiedzy Elektrycznej i Elektronicznej",
        "author": "Adam",
        "date": "2023-03-08",
        "content_html": "<div class=\"entry-content is-layout-constrained\">\n<p>W dniach 23-24 lutego odbyła się Ogólnopolska Olimpiada Wiedzy Elektrycznej i Elektronicznej organizowana przez Akademie Górniczo Hutniczą w Krakowie</p>\n<p>Uczniowie <strong>Zygmunt Gromacki (automatyka)</strong> i <strong>Szymon Marciniak (elektronika medyczna)</strong> zostali kolejno laureatem i finalistą.</p>\n<p>Uczestnicy musieli się zmierzyć z zagadnieniami obejmującymi regulację, programowanie sterowników PLC, konstrukcję układów analogowych i cyfrowych oraz działanie urządzeń wykorzystywanych w medycynie.</p>\n<p>Opiekunem uczniów była Pani Stefania Pawłowska.</p>\n<figure><img alt=\"\" decoding=\"async\" fetchpriority=\"high\" height=\"1024\" src=\"https://e-qwerty.zse-zdwola.pl/wp-content/uploads/2024/06/20230224_161051-768x1024.jpg\" width=\"768\"/></figure>\n<div aria-hidden=\"true\"></div>\n<figure>\n<figure><img alt=\"\" decoding=\"async\" height=\"768\" src=\"https://e-qwerty.zse-zdwola.pl/wp-content/uploads/2024/06/20230224_zygmunt-1024x768.jpg\" width=\"1024\"/></figure>\n<figure><img alt=\"\" decoding=\"async\" height=\"768\" loading=\"lazy\" src=\"https://e-qwerty.zse-zdwola.pl/wp-content/uploads/2024/06/20230224_154605-1024x768.jpg\" width=\"1024\"/></figure>\n<figure><img alt=\"\" decoding=\"async\" height=\"768\" loading=\"lazy\" src=\"https://e-qwerty.zse-zdwola.pl/wp-content/uploads/2024/06/20230224_090711-1024x768.jpg\" width=\"1024\"/></figure>\n<figure><img alt=\"\" decoding=\"async\" height=\"768\" loading=\"lazy\" src=\"https://e-qwerty.zse-zdwola.pl/wp-content/uploads/2024/06/20230224_095621-1024x768.jpg\" width=\"1024\"/></figure>\n</figure>\n<p>Gratulujemy sukcesów i trzymamy kciuki za naszych olimpijczyków na dalszej drodze rozwoju.</p>\n<div>\n<div> </div>\n</div> </div>"
    }
]